gbif_id,species,scientific_name,kingdom,phylum,class,order,family,genus,country,state,locality,latitude,longitude,year,event_date,dataset
3034438331,Tephrodornis pondicerianus,"Tephrodornis pondicerianus pondicerianus (Gmelin, 1789)",Animalia,Chordata,Aves,Passeriformes,Tephrodornithidae,Tephrodornis,India,,"Sinhagad Valley, Pune, Maharashtra",18.3669,73.7512,2026,2026-01-14,
5938027498,Clamator coromandus,"Clamator coromandus (Linnaeus, 1766)",Animalia,Chordata,Aves,Cuculiformes,Cuculidae,Clamator,India,Tamil Nadu,,11.079803,79.828217,2026,2026-01-01T23:28,iNaturalist research-grade observations
5938027505,Psilopogon haemacephalus,"Psilopogon haemacephalus (P.L.S.Müller, 1776)",Animalia,Chordata,Aves,Piciformes,Megalaimidae,Psilopogon,India,Karnataka,,12.311931,77.276921,2026,2026-01-03T07:13,iNaturalist research-grade observations
5938027511,Egretta garzetta,"Egretta garzetta (Linnaeus, 1766)",Animalia,Chordata,Aves,Pelecaniformes,Ardeidae,Egretta,India,Tamil Nadu,,12.782749,80.236628,2026,2026-01-02T12:00,iNaturalist research-grade observations
5938027615,Gasteracantha geminata,"Gasteracantha geminata (Fabricius, 1798)",Animalia,Arthropoda,Arachnida,Araneae,Araneidae,Gasteracantha,India,Tamil Nadu,,12.509176,79.8358,2026,2026-01-02T10:29,iNaturalist research-grade observations
5938027628,Corvus splendens,"Corvus splendens Vieillot, 1817",Animalia,Chordata,Aves,Passeriformes,Corvidae,Corvus,India,Tamil Nadu,,11.891788,77.771567,2026,2026-01-01T16:04,iNaturalist research-grade observations
5938027850,Ardeola grayii,"Ardeola grayii (Sykes, 1832)",Animalia,Chordata,Aves,Pelecaniformes,Ardeidae,Ardeola,India,Tamil Nadu,,12.804274,80.245152,2026,2026-01-02T11:30,iNaturalist research-grade observations
5938027879,Haliastur indus,"Haliastur indus (Boddaert, 1783)",Animalia,Chordata,Aves,Accipitriformes,Accipitridae,Haliastur,India,Karnataka,,13.712335,75.252464,2026,2026-01-03T17:42,iNaturalist research-grade observations
5938028439,Microcarbo niger,"Microcarbo niger (Vieillot, 1817)",Animalia,Chordata,Aves,Suliformes,Phalacrocoracidae,Microcarbo,India,Kerala,,11.818958,75.432428,2026,2026-01-04T18:27:06,iNaturalist research-grade observations
5938028473,Hestiasula brunneriana,"Hestiasula brunneriana Saussure, 1871",Animalia,Arthropoda,Insecta,Mantodea,Hymenopodidae,Hestiasula,India,Tamil Nadu,,12.869336,80.243512,2026,2026-01-03T07:53:51,iNaturalist research-grade observations
5938028568,Zosterops palpebrosus,"Zosterops palpebrosus (Temminck, 1824)",Animalia,Chordata,Aves,Passeriformes,Zosteropidae,Zosterops,India,Karnataka,,12.88164,77.688845,2026,2026-01-01T16:16,iNaturalist research-grade observations
5938028595,Campanula dimorphantha,Campanula dimorphantha Schweinf.,Plantae,Tracheophyta,Magnoliopsida,Asterales,Campanulaceae,Campanula,India,Maharashtra,,18.366014,73.75785,2026,2026-01-04T12:53:34,iNaturalist research-grade observations
5938029315,Lampides boeticus,"Lampides boeticus (Linnaeus, 1767)",Animalia,Arthropoda,Insecta,Lepidoptera,Lycaenidae,Lampides,India,Manipur,,24.724217,93.835142,2026,2026-01-01T14:47:55,iNaturalist research-grade observations
5938029488,Tetramorium lanuginosum,"Tetramorium lanuginosum Mayr, 1870",Animalia,Arthropoda,Insecta,Hymenoptera,Formicidae,Tetramorium,India,Telangana,,17.395891,78.354659,2026,2026-01-01T19:22:59,iNaturalist research-grade observations
5938029610,Turdoides striata,"Argya striata (Dumont, 1823)",Animalia,Chordata,Aves,Passeriformes,Leiothrichidae,Turdoides,India,Uttar Pradesh,,25.407243,81.846918,2026,2026-01-03T09:16:46,iNaturalist research-grade observations
5938029644,Terpsiphone paradisi,"Terpsiphone paradisi (Linnaeus, 1758)",Animalia,Chordata,Aves,Passeriformes,Monarchidae,Terpsiphone,India,Karnataka,,12.311931,77.276921,2026,2026-01-03T08:10,iNaturalist research-grade observations
5938030088,Psittacula krameri,"Psittacula krameri (Scopoli, 1769)",Animalia,Chordata,Aves,Psittaciformes,Psittacidae,Psittacula,India,Karnataka,,12.976945,77.596138,2026,2026-01-05T17:09:32,iNaturalist research-grade observations
5938030984,Ardeola grayii,"Ardeola grayii (Sykes, 1832)",Animalia,Chordata,Aves,Pelecaniformes,Ardeidae,Ardeola,India,Tamil Nadu,,11.507453,77.234319,2026,2026-01-04T12:04:49,iNaturalist research-grade observations
5938030998,Duttaphrynus melanostictus,"Duttaphrynus melanostictus (Schneider, 1799)",Animalia,Chordata,Amphibia,Anura,Bufonidae,Duttaphrynus,India,Andaman and Nicobar,,12.030347,93.000161,2026,2026-01-02T00:27,iNaturalist research-grade observations
5938031006,Spilopelia chinensis,"Spilopelia chinensis (Scopoli, 1786)",Animalia,Chordata,Aves,Columbiformes,Columbidae,Spilopelia,India,Tripura,,24.370366,92.169556,2026,2026-01-04T16:25:34,iNaturalist research-grade observations
5938031712,Polypedates maculatus,"Polypedates maculatus (Gray, 1830)",Animalia,Chordata,Amphibia,Anura,Rhacophoridae,Polypedates,India,Maharashtra,,20.188285,79.323935,2026,2026-01-03T22:18:59,iNaturalist research-grade observations
5938031847,Lantana camara,Lantana camara L.,Plantae,Tracheophyta,Magnoliopsida,Lamiales,Verbenaceae,Lantana,India,Tamil Nadu,,12.820713,77.826347,2026,2026-01-04T09:38:28,iNaturalist research-grade observations
5938031857,Cuculus varius,"Hierococcyx varius (Vahl, 1797)",Animalia,Chordata,Aves,Cuculiformes,Cuculidae,Cuculus,India,Karnataka,,12.918313,77.680097,2026,2026-01-04T08:11,iNaturalist research-grade observations
5938032343,Geokichla citrina,"Geokichla citrina (Latham, 1790)",Animalia,Chordata,Aves,Passeriformes,Turdidae,Geokichla,India,Maharashtra,,15.722331,73.978645,2026,2026-01-02T17:47:25,iNaturalist research-grade observations
5938032487,Numenius arquata,"Numenius arquata (Linnaeus, 1758)",Animalia,Chordata,Aves,Charadriiformes,Scolopacidae,Numenius,India,Maharashtra,,19.015496,73.006286,2026,2026-01-02T09:25,iNaturalist research-grade observations
5938032727,Lanius schach,"Lanius schach Linnaeus, 1758",Animalia,Chordata,Aves,Passeriformes,Laniidae,Lanius,India,Karnataka,,12.819702,77.548591,2026,2026-01-04T09:19,iNaturalist research-grade observations
5938033034,Hirundo rustica,"Hirundo rustica Linnaeus, 1758",Animalia,Chordata,Aves,Passeriformes,Hirundinidae,Hirundo,India,Andhra Pradesh,,16.320483,81.736253,2026,2026-01-03T11:46:51,iNaturalist research-grade observations
5938033035,Acrocephalus stentoreus,"Acrocephalus stentoreus (Hemprich & Ehrenberg, 1833)",Animalia,Chordata,Aves,Passeriformes,Acrocephalidae,Acrocephalus,India,Maharashtra,,19.260592,72.850511,2026,2026-01-03T08:51,iNaturalist research-grade observations
5938033660,Pycnonotus cafer,"Pycnonotus cafer (Linnaeus, 1766)",Animalia,Chordata,Aves,Passeriformes,Pycnonotidae,Pycnonotus,India,Rajasthan,,27.0319,75.889072,2026,2026-01-03T08:22:26,iNaturalist research-grade observations
5938035820,Euchrysops cnejus,"Euchrysops cnejus (Fabricius, 1798)",Animalia,Arthropoda,Insecta,Lepidoptera,Lycaenidae,Euchrysops,India,Andhra Pradesh,,17.540961,83.044047,2026,2026-01-01T14:14:04,iNaturalist research-grade observations
5938035963,Cyornis tickelliae,"Cyornis tickelliae Blyth, 1843",Animalia,Chordata,Aves,Passeriformes,Muscicapidae,Cyornis,India,Telangana,,17.367557,78.36038,2026,2026-01-03T11:05:15,iNaturalist research-grade observations
5938035991,Ceryle rudis,"Ceryle rudis (Linnaeus, 1758)",Animalia,Chordata,Aves,Coraciiformes,Alcedinidae,Ceryle,India,Tamil Nadu,,12.804274,80.245152,2026,2026-01-02T10:49,iNaturalist research-grade observations
5938035997,Sus scrofa,"Sus scrofa cristatus Wagner, 1839",Animalia,Chordata,Mammalia,Artiodactyla,Suidae,Sus,India,Maharashtra,,19.162942,72.892053,2026,2026-01-01T13:06,iNaturalist research-grade observations
5938036136,Saxicola maurus,"Saxicola maurus (Pallas, 1773)",Animalia,Chordata,Aves,Passeriformes,Muscicapidae,Saxicola,India,Gujarat,,22.864649,72.061976,2026,2026-01-01T16:44,iNaturalist research-grade observations
5938036137,Trithemis pallidinervis,"Trithemis pallidinervis (Kirby, 1889)",Animalia,Arthropoda,Insecta,Odonata,Libellulidae,Trithemis,India,Gujarat,,22.861165,72.058217,2026,2026-01-02T11:08,iNaturalist research-grade observations
5938036262,Premna serratifolia,Premna serratifolia L.,Plantae,Tracheophyta,Magnoliopsida,Lamiales,Lamiaceae,Premna,India,Karnataka,,13.207751,74.678862,2026,2026-01-05T16:54:17,iNaturalist research-grade observations
5938036461,Camponotus compressus,"Camponotus compressus (Fabricius, 1787)",Animalia,Arthropoda,Insecta,Hymenoptera,Formicidae,Camponotus,India,Uttar Pradesh,,25.427628,81.843486,2026,2026-01-01T09:37,iNaturalist research-grade observations
5938036464,Ardea cinerea,"Ardea cinerea Linnaeus, 1758",Animalia,Chordata,Aves,Pelecaniformes,Ardeidae,Ardea,India,Tamil Nadu,,12.874312,79.372389,2026,2026-01-02,iNaturalist research-grade observations
5938036551,Corinnomma severum,"Corinnomma severum (Thorell, 1877)",Animalia,Arthropoda,Arachnida,Araneae,Corinnidae,Corinnomma,India,Kerala,,11.585075,75.761553,2026,2026-01-01T20:16:58,iNaturalist research-grade observations
5938036567,Milvus migrans,"Milvus migrans (Boddaert, 1783)",Animalia,Chordata,Aves,Accipitriformes,Accipitridae,Milvus,India,Maharashtra,,19.140178,72.959069,2026,2026-01-03T10:31:22,iNaturalist research-grade observations
5938036678,Mycteria leucocephala,"Mycteria leucocephala (Pennant, 1769)",Animalia,Chordata,Aves,Ciconiiformes,Ciconiidae,Mycteria,India,Tamil Nadu,,12.717904,80.212587,2026,2026-01-02T08:46,iNaturalist research-grade observations
5938036975,Corvus splendens,"Corvus splendens Vieillot, 1817",Animalia,Chordata,Aves,Passeriformes,Corvidae,Corvus,India,NCT of Delhi,,28.592276,77.248769,2026,2026-01-04T09:14:27,iNaturalist research-grade observations
5938037087,Zizina otis,"Zizina otis (Fabricius, 1787)",Animalia,Arthropoda,Insecta,Lepidoptera,Lycaenidae,Zizina,India,Tamil Nadu,,12.867451,79.278236,2026,2026-01-04,iNaturalist research-grade observations
5938037152,Anastomus oscitans,"Anastomus oscitans (Boddaert, 1783)",Animalia,Chordata,Aves,Ciconiiformes,Ciconiidae,Anastomus,India,Madhya Pradesh,,21.531662,76.735081,2026,2026-01-04T13:47,iNaturalist research-grade observations
5938037165,Netta rufina,"Netta rufina (Pallas, 1773)",Animalia,Chordata,Aves,Anseriformes,Anatidae,Netta,India,Madhya Pradesh,,21.336842,76.506083,2026,2026-01-03T17:19,iNaturalist research-grade observations
5938037316,Hypolimnas misippus,"Hypolimnas misippus Linnaeus, 1764",Animalia,Arthropoda,Insecta,Lepidoptera,Nymphalidae,Hypolimnas,India,Telangana,,17.491365,78.302747,2026,2026-01-04T11:44:35,iNaturalist research-grade observations
5938038343,Ardea purpurea,"Ardea purpurea Linnaeus, 1766",Animalia,Chordata,Aves,Pelecaniformes,Ardeidae,Ardea,India,Tamil Nadu,,12.874312,79.372389,2026,2026-01-02,iNaturalist research-grade observations
5938038440,Fowlea piscator,"Fowlea piscator (Schneider, 1799)",Animalia,Chordata,Squamata,,Colubridae,Fowlea,India,Rajasthan,,27.259891,76.461045,2026,2026-01-03T08:53:11,iNaturalist research-grade observations
5938038520,Centropus sinensis,"Centropus sinensis (Stephens, 1815)",Animalia,Chordata,Aves,Cuculiformes,Cuculidae,Centropus,India,Assam,,26.96174,94.627937,2026,2026-01-04T08:08:08,iNaturalist research-grade observations
5938039301,Ardea purpurea,"Ardea purpurea Linnaeus, 1766",Animalia,Chordata,Aves,Pelecaniformes,Ardeidae,Ardea,India,Tamil Nadu,,12.782749,80.236628,2026,2026-01-02T12:09,iNaturalist research-grade observations
5938039311,Tetramorium lanuginosum,"Tetramorium lanuginosum Mayr, 1870",Animalia,Arthropoda,Insecta,Hymenoptera,Formicidae,Tetramorium,India,Telangana,,17.396023,78.354562,2026,2026-01-03T19:52:58,iNaturalist research-grade observations
5938039644,Halcyon smyrnensis,"Halcyon smyrnensis (Linnaeus, 1758)",Animalia,Chordata,Aves,Coraciiformes,Alcedinidae,Halcyon,India,Karnataka,,12.311931,77.276921,2026,2026-01-03T10:10,iNaturalist research-grade observations
5938040396,Buceros bicornis,"Buceros bicornis Linnaeus, 1758",Animalia,Chordata,Aves,Bucerotiformes,Bucerotidae,Buceros,India,Maharashtra,,15.677341,74.102419,2026,2026-01-05T08:11:56,iNaturalist research-grade observations
5938040459,Vanellus duvaucelii,"Vanellus duvaucelii (R.Lesson, 1826)",Animalia,Chordata,Aves,Charadriiformes,Charadriidae,Vanellus,India,Uttarakhand,,30.360587,77.612801,2026,2026-01-03T14:57:39,iNaturalist research-grade observations
5938040469,Psammophilus dorsalis,"Psammophilus dorsalis (Gray, 1831)",Animalia,Chordata,Squamata,,Agamidae,Psammophilus,India,Tamil Nadu,,8.526175,77.287429,2026,2026-01-05T11:03:08,iNaturalist research-grade observations
5938041220,Nycticorax nycticorax,"Nycticorax nycticorax (Linnaeus, 1758)",Animalia,Chordata,Aves,Pelecaniformes,Ardeidae,Nycticorax,India,Goa,,15.440801,73.946371,2026,2026-01-02T09:19:51,iNaturalist research-grade observations
5938041269,Tringa stagnatilis,"Tringa stagnatilis (Bechstein, 1803)",Animalia,Chordata,Aves,Charadriiformes,Scolopacidae,Tringa,India,Maharashtra,,19.015496,73.006286,2026,2026-01-02T09:07,iNaturalist research-grade observations
5938041300,Turdus simillimus,"Turdus simillimus Jerdon, 1839",Animalia,Chordata,Aves,Passeriformes,Turdidae,Turdus,India,Maharashtra,,15.72232,73.97866,2026,2026-01-02T18:15:54,iNaturalist research-grade observations
5938041591,Leptocoma zeylonica,"Leptocoma zeylonica (Linnaeus, 1766)",Animalia,Chordata,Aves,Passeriformes,Nectariniidae,Leptocoma,India,Madhya Pradesh,,23.209978,77.440313,2026,2026-01-02T13:08:09,iNaturalist research-grade observations
5938041605,Cyornis tickelliae,"Cyornis tickelliae Blyth, 1843",Animalia,Chordata,Aves,Passeriformes,Muscicapidae,Cyornis,India,Madhya Pradesh,,23.144908,80.044753,2026,2026-01-02T11:57:20,iNaturalist research-grade observations
5938042301,Ardeola grayii,"Ardeola grayii (Sykes, 1832)",Animalia,Chordata,Aves,Pelecaniformes,Ardeidae,Ardeola,India,Uttar Pradesh,,25.407119,81.847236,2026,2026-01-03T11:06:51,iNaturalist research-grade observations
5938042448,Circus aeruginosus,"Circus aeruginosus (Linnaeus, 1758)",Animalia,Chordata,Aves,Accipitriformes,Accipitridae,Circus,India,Tamil Nadu,,12.331572,80.014708,2026,2026-01-04T09:26,iNaturalist research-grade observations
5938043683,Columba livia,"Columba livia var. domestica J.F.Gmelin, 1789",Animalia,Chordata,Aves,Columbiformes,Columbidae,Columba,India,Uttar Pradesh,,25.407238,81.846921,2026,2026-01-01T09:14:47,iNaturalist research-grade observations
5938043808,Polyrhachis exercita,"Polyrhachis exercita (Walker, 1859)",Animalia,Arthropoda,Insecta,Hymenoptera,Formicidae,Polyrhachis,India,Kerala,,10.19243,76.292022,2026,2026-01-01T20:27:45,iNaturalist research-grade observations
5938043951,Ardea alba,"Ardea alba Linnaeus, 1758",Animalia,Chordata,Aves,Pelecaniformes,Ardeidae,Ardea,India,Tamil Nadu,,12.717904,80.212587,2026,2026-01-02T08:54,iNaturalist research-grade observations
5938044180,Riparia riparia,"Riparia riparia (Linnaeus, 1758)",Animalia,Chordata,Aves,Passeriformes,Hirundinidae,Riparia,India,Gujarat,,22.832273,72.052914,2026,2026-01-01T14:08,iNaturalist research-grade observations
5938044262,Orthomorpha coarctata,"Orthomorpha coarctata (Saussure, 1860)",Animalia,Arthropoda,Diplopoda,Polydesmida,Paradoxosomatidae,Orthomorpha,India,Kerala,,10.041275,76.322944,2026,2026-01-05T08:44:50,iNaturalist research-grade observations
5938044312,Halcyon smyrnensis,"Halcyon smyrnensis (Linnaeus, 1758)",Animalia,Chordata,Aves,Coraciiformes,Alcedinidae,Halcyon,India,Telangana,,17.455961,78.360017,2026,2026-01-01T15:12:29,iNaturalist research-grade observations
5938044634,Euphorbia hypericifolia,Euphorbia hypericifolia L.,Plantae,Tracheophyta,Magnoliopsida,Malpighiales,Euphorbiaceae,Euphorbia,India,Telangana,,17.421877,78.549208,2026,2026-01-03T11:24:43,iNaturalist research-grade observations
5938044656,Oriolus kundoo,"Oriolus kundoo Sykes, 1832",Animalia,Chordata,Aves,Passeriformes,Oriolidae,Oriolus,India,Maharashtra,,19.260592,72.850511,2026,2026-01-03T10:39:12,iNaturalist research-grade observations
5938044677,Monomorium floricola,"Monomorium floricola (Jerdon, 1851)",Animalia,Arthropoda,Insecta,Hymenoptera,Formicidae,Monomorium,India,Kerala,,10.041281,76.322967,2026,2026-01-03T17:27:50,iNaturalist research-grade observations
5938044711,Rhopocichla atriceps,"Dumetia atriceps (Jerdon, 1839)",Animalia,Chordata,Aves,Passeriformes,Timaliidae,Rhopocichla,India,Maharashtra,,15.809248,74.15748,2026,2026-01-03T16:25:26,iNaturalist research-grade observations
5938044802,Leptosia nina,"Leptosia nina (Fabricius, 1793)",Animalia,Arthropoda,Insecta,Lepidoptera,Pieridae,Leptosia,India,Andaman and Nicobar,,12.027968,93.00163,2026,2026-01-04T07:59:48,iNaturalist research-grade observations
5938044853,Capra hircus,"Capra hircus hircus Linnaeus, 1758",Animalia,Chordata,Mammalia,Artiodactyla,Bovidae,Capra,India,Maharashtra,,19.163917,72.882128,2026,2026-01-04T15:41:49,iNaturalist research-grade observations
5938044870,Anthus rufulus,"Anthus rufulus Vieillot, 1818",Animalia,Chordata,Aves,Passeriformes,Motacillidae,Anthus,India,Karnataka,,12.819435,77.550318,2026,2026-01-04T11:15,iNaturalist research-grade observations
5938046068,Motacilla alba,"Motacilla alba Linnaeus, 1758",Animalia,Chordata,Aves,Passeriformes,Motacillidae,Motacilla,India,Uttar Pradesh,,25.407104,81.84721,2026,2026-01-03T11:07:22,iNaturalist research-grade observations
5938046655,Myrmicaria brunnea,"Myrmicaria brunnea Saunders, 1842",Animalia,Arthropoda,Insecta,Hymenoptera,Formicidae,Myrmicaria,India,Kerala,,10.043828,76.326003,2026,2026-01-02T10:20:07,iNaturalist research-grade observations
5938047374,Upupa epops,"Upupa epops Linnaeus, 1758",Animalia,Chordata,Aves,Bucerotiformes,Upupidae,Upupa,India,Maharashtra,,18.661927,72.865929,2026,2026-01-01T09:36,iNaturalist research-grade observations
5938047418,Halcyon smyrnensis,"Halcyon smyrnensis (Linnaeus, 1758)",Animalia,Chordata,Aves,Coraciiformes,Alcedinidae,Halcyon,India,Gujarat,,22.133081,73.413782,2026,2026-01-01T17:31:01,iNaturalist research-grade observations
5938047419,Merops orientalis,"Merops orientalis Latham, 1801",Animalia,Chordata,Aves,Coraciiformes,Meropidae,Merops,India,Gujarat,,22.133081,73.413782,2026,2026-01-01T17:29:42,iNaturalist research-grade observations
5938047421,Cocos nucifera,Cocos nucifera L.,Plantae,Tracheophyta,Liliopsida,Arecales,Arecaceae,Cocos,India,Tamil Nadu,,12.313767,79.717833,2026,2026-01-01T12:03:29,iNaturalist research-grade observations
5938048074,Lanius schach,"Lanius schach Linnaeus, 1758",Animalia,Chordata,Aves,Passeriformes,Laniidae,Lanius,India,Maharashtra,,18.853588,73.878447,2026,2026-01-01T17:48:41,iNaturalist research-grade observations
5938048180,Fowlea piscator,"Fowlea piscator (Schneider, 1799)",Animalia,Chordata,Squamata,,Colubridae,Fowlea,India,Telangana,,17.431367,78.390914,2026,2026-01-01T08:44,iNaturalist research-grade observations
5938048230,Corvus macrorhynchos,"Corvus macrorhynchos Wagler, 1827",Animalia,Chordata,Aves,Passeriformes,Corvidae,Corvus,India,Maharashtra,,18.795067,72.925728,2026,2026-01-02T08:24,iNaturalist research-grade observations
5938048324,Varanus salvator,"Varanus salvator andamanensis Deraniyagala, 1944",Animalia,Chordata,Squamata,,Varanidae,Varanus,India,Andaman and Nicobar,,11.822415,93.061289,2026,2026-01-02T16:57:17,iNaturalist research-grade observations
5938048412,Papilio polytes,"Papilio polytes Linnaeus, 1758",Animalia,Arthropoda,Insecta,Lepidoptera,Papilionidae,Papilio,India,Odisha,,19.344983,83.783175,2026,2026-01-04T18:00,iNaturalist research-grade observations
5938049869,Cyrtophora cicatrosa,"Cyrtophora cicatrosa (Stoliczka, 1869)",Animalia,Arthropoda,Arachnida,Araneae,Araneidae,Cyrtophora,India,Maharashtra,,19.260592,72.850511,2026,2026-01-03T09:14:46,iNaturalist research-grade observations
5938049873,Danaus chrysippus,"Danaus chrysippus (Linnaeus, 1758)",Animalia,Arthropoda,Insecta,Lepidoptera,Nymphalidae,Danaus,India,Tamil Nadu,,12.717904,80.212587,2026,2026-01-02T08:21,iNaturalist research-grade observations
5938050000,Chilades laius,"Chilades laius (Cramer, 1782)",Animalia,Arthropoda,Insecta,Lepidoptera,Lycaenidae,Chilades,India,Tamil Nadu,,12.931101,80.168266,2026,2026-01-04T08:34,iNaturalist research-grade observations
5938050052,Pseudibis papillosa,"Pseudibis papillosa (Temminck, 1824)",Animalia,Chordata,Aves,Pelecaniformes,Threskiornithidae,Pseudibis,India,Madhya Pradesh,,21.531662,76.735081,2026,2026-01-04T12:59,iNaturalist research-grade observations
5938050880,,"Pelagella Gray, 1850",Animalia,Mollusca,Gastropoda,Nudibranchia,Goniodorididae,Pelagella,India,Maharashtra,,18.959225,72.796967,2026,2026-01-02T17:02:53,iNaturalist research-grade observations
5938052482,Cyornis tickelliae,"Cyornis tickelliae Blyth, 1843",Animalia,Chordata,Aves,Passeriformes,Muscicapidae,Cyornis,India,Maharashtra,,18.376903,73.75367,2026,2026-01-02T19:10,iNaturalist research-grade observations
5938052484,Euodice malabarica,"Euodice malabarica (Linnaeus, 1758)",Animalia,Chordata,Aves,Passeriformes,Estrildidae,Euodice,India,Tamil Nadu,,12.874312,79.372389,2026,2026-01-02,iNaturalist research-grade observations
5938052485,Motacilla flava,"Motacilla flava Linnaeus, 1758",Animalia,Chordata,Aves,Passeriformes,Motacillidae,Motacilla,India,Tamil Nadu,,11.891788,77.771567,2026,2026-01-01T16:03,iNaturalist research-grade observations
5938052503,Physeter macrocephalus,"Physeter macrocephalus Linnaeus, 1758",Animalia,Chordata,Mammalia,Cetacea,Physeteridae,Physeter,India,Andaman and Nicobar,,12.560781,92.932591,2026,2026-01-02T17:44,iNaturalist research-grade observations
5938052854,Catochrysops strabo,"Catochrysops strabo (Fabricius, 1793)",Animalia,Arthropoda,Insecta,Lepidoptera,Lycaenidae,Catochrysops,India,Tamil Nadu,,10.950633,76.806358,2026,2026-01-01T10:12:12,iNaturalist research-grade observations
5938053003,Alcedo atthis,"Alcedo atthis (Linnaeus, 1758)",Animalia,Chordata,Aves,Coraciiformes,Alcedinidae,Alcedo,India,Maharashtra,,19.016591,73.00594,2026,2026-01-04T10:08,iNaturalist research-grade observations
5938053107,Calotropis gigantea,Calotropis gigantea (L.) W.T.Aiton,Plantae,Tracheophyta,Magnoliopsida,Gentianales,Apocynaceae,Calotropis,India,Kerala,,8.77946,76.674678,2026,2026-01-01T17:48:04,iNaturalist research-grade observations
5938053249,Talicada nyseus,"Talicada nyseus (Guérin-Méneville, 1843)",Animalia,Arthropoda,Insecta,Lepidoptera,Lycaenidae,Talicada,India,Maharashtra,,18.481843,73.810617,2026,2026-01-02T19:10,iNaturalist research-grade observations
5938053358,Psittacula krameri,"Psittacula krameri (Scopoli, 1769)",Animalia,Chordata,Aves,Psittaciformes,Psittacidae,Psittacula,India,Gujarat,,23.030242,72.57593,2026,2026-01-04T08:31:20,iNaturalist research-grade observations
5938053380,Prinia socialis,"Prinia socialis Sykes, 1832",Animalia,Chordata,Aves,Passeriformes,Cisticolidae,Prinia,India,Karnataka,,12.982146,77.669404,2026,2026-01-04T04:16:08,iNaturalist research-grade observations
5938053982,Anhinga melanogaster,"Anhinga melanogaster Pennant, 1769",Animalia,Chordata,Aves,Suliformes,Anhingidae,Anhinga,India,Tamil Nadu,,11.687405,78.180668,2026,2026-01-01T10:32:53,iNaturalist research-grade observations
5938054059,Streptopelia decaocto,"Streptopelia decaocto (Frivaldszky, 1838)",Animalia,Chordata,Aves,Columbiformes,Columbidae,Streptopelia,India,Rajasthan,,26.925794,75.823671,2026,2026-01-01T17:07:51,iNaturalist research-grade observations
5938055384,Jamides celeno,"Jamides celeno (Cramer, 1775)",Animalia,Arthropoda,Insecta,Lepidoptera,Lycaenidae,Jamides,India,Kerala,,9.031683,76.895694,2026,2026-01-01T10:43:39,iNaturalist research-grade observations
5938055435,Pistia stratiotes,Pistia stratiotes L.,Plantae,Tracheophyta,Liliopsida,Alismatales,Araceae,Pistia,India,Tamil Nadu,,12.874312,79.372389,2026,2026-01-02,iNaturalist research-grade observations
5938055955,Turnera ulmifolia,Turnera ulmifolia L.,Plantae,Tracheophyta,Magnoliopsida,Malpighiales,Turneraceae,Turnera,India,Maharashtra,,17.386973,73.528168,2026,2026-01-04T09:38:02,iNaturalist research-grade observations
5938056158,Mareca strepera,"Mareca strepera (Linnaeus, 1758)",Animalia,Chordata,Aves,Anseriformes,Anatidae,Mareca,India,Madhya Pradesh,,21.336842,76.506083,2026,2026-01-03T16:32,iNaturalist research-grade observations
5938056496,Hypsipetes leucocephalus,"Hypsipetes leucocephalus (Gmelin, 1789)",Animalia,Chordata,Aves,Passeriformes,Pycnonotidae,Hypsipetes,India,Himachal Pradesh,,31.420114,76.733022,2026,2026-01-01T11:25:26,iNaturalist research-grade observations
5938056750,Gamochaeta pensylvanica,Gamochaeta pensylvanica (Willd.) Cabrera,Plantae,Tracheophyta,Magnoliopsida,Asterales,Asteraceae,Gamochaeta,India,Bihar,,25.609097,85.014328,2026,2026-01-01T14:53:35,iNaturalist research-grade observations
5938058486,Lycodon aulicus,"Lycodon aulicus (Linnaeus, 1758)",Animalia,Chordata,Squamata,,Colubridae,Lycodon,India,Maharashtra,,19.51638,73.907507,2026,2026-01-04T09:43:16,iNaturalist research-grade observations
5938058490,Anas acuta,"Anas acuta Linnaeus, 1758",Animalia,Chordata,Aves,Anseriformes,Anatidae,Anas,India,Madhya Pradesh,,21.336842,76.506083,2026,2026-01-03T16:55,iNaturalist research-grade observations
5938058601,Culicicapa ceylonensis,"Culicicapa ceylonensis (Swainson, 1820)",Animalia,Chordata,Aves,Passeriformes,Stenostiridae,Culicicapa,India,Gujarat,,22.828903,72.056429,2026,2026-01-01T11:34,iNaturalist research-grade observations
5938058660,Fulica atra,"Fulica atra Linnaeus, 1758",Animalia,Chordata,Aves,Gruiformes,Rallidae,Fulica,India,Madhya Pradesh,,21.531662,76.735081,2026,2026-01-04T13:26,iNaturalist research-grade observations
5938060281,Ploceus benghalensis,"Ploceus benghalensis (Linnaeus, 1758)",Animalia,Chordata,Aves,Passeriformes,Ploceidae,Ploceus,India,Gujarat,,22.826563,72.106315,2026,2026-01-01T08:35:16,iNaturalist research-grade observations
5938061384,Halcyon smyrnensis,"Halcyon smyrnensis (Linnaeus, 1758)",Animalia,Chordata,Aves,Coraciiformes,Alcedinidae,Halcyon,India,Telangana,,17.430041,78.389459,2026,2026-01-01T09:13:08,iNaturalist research-grade observations
5938061446,Hypolimnas bolina,"Hypolimnas bolina (Linnaeus, 1758)",Animalia,Arthropoda,Insecta,Lepidoptera,Nymphalidae,Hypolimnas,India,Odisha,,20.164903,85.612809,2026,2026-01-03T13:34:24,iNaturalist research-grade observations
5938061569,Boiga trigonata,"Boiga trigonata (Schneider, 1802)",Animalia,Chordata,Squamata,,Colubridae,Boiga,India,Tamil Nadu,,12.493589,77.677606,2026,2026-01-05T13:10:04,iNaturalist research-grade observations
5938061593,Tringa stagnatilis,"Tringa stagnatilis (Bechstein, 1803)",Animalia,Chordata,Aves,Charadriiformes,Scolopacidae,Tringa,India,Tamil Nadu,,12.329965,80.017507,2026,2026-01-04T08:24,iNaturalist research-grade observations
5938062229,,"Ardea Linnaeus, 1758",Animalia,Chordata,Aves,Pelecaniformes,Ardeidae,Ardea,India,Tamil Nadu,,11.698508,78.177655,2026,2026-01-01T10:46:13,iNaturalist research-grade observations
5938062610,Macaca radiata,"Macaca radiata (É.Geoffroy Saint-Hilaire, 1812)",Animalia,Chordata,Mammalia,Primates,Cercopithecidae,Macaca,India,Tamil Nadu,,11.418587,76.712242,2026,2026-01-01T16:30:44,iNaturalist research-grade observations
5938062705,Chroicocephalus brunnicephalus,"Chroicocephalus brunnicephalus (Jerdon, 1840)",Animalia,Chordata,Aves,Charadriiformes,Laridae,Chroicocephalus,India,Kerala,,9.13327,76.463428,2026,2026-01-02T08:46,iNaturalist research-grade observations
5938063551,Graphium agamemnon,"Graphium agamemnon (Linnaeus, 1758)",Animalia,Arthropoda,Insecta,Lepidoptera,Papilionidae,Graphium,India,Tamil Nadu,,13.025052,80.224777,2026,2026-01-05T08:24,iNaturalist research-grade observations
5938063665,Lepas anserifera,"Lepas anserifera Linnaeus, 1767",Animalia,Arthropoda,Maxillopoda,Pedunculata,Lepadidae,Lepas,India,Andaman and Nicobar,,11.627861,92.751983,2026,2026-01-05T14:53:40,iNaturalist research-grade observations
5938063694,Oecophylla smaragdina,"Oecophylla smaragdina (Fabricius, 1775)",Animalia,Arthropoda,Insecta,Hymenoptera,Formicidae,Oecophylla,India,Kerala,,10.220095,76.201276,2026,2026-01-05T18:06:15,iNaturalist research-grade observations
5938063926,Leptosia nina,"Leptosia nina (Fabricius, 1793)",Animalia,Arthropoda,Insecta,Lepidoptera,Pieridae,Leptosia,India,Andhra Pradesh,,17.684941,83.199113,2026,2026-01-04T13:02:42,iNaturalist research-grade observations
5938064083,Gallinula chloropus,"Gallinula chloropus (Linnaeus, 1758)",Animalia,Chordata,Aves,Gruiformes,Rallidae,Gallinula,India,Uttarakhand,,30.286711,77.973576,2026,2026-01-02T10:01:22,iNaturalist research-grade observations
5938064141,Streptopelia decaocto,"Streptopelia decaocto (Frivaldszky, 1838)",Animalia,Chordata,Aves,Columbiformes,Columbidae,Streptopelia,India,NCT of Delhi,,28.552188,77.25221,2026,2026-01-05T10:41:05,iNaturalist research-grade observations
5938065060,Graphium agamemnon,"Graphium agamemnon (Linnaeus, 1758)",Animalia,Arthropoda,Insecta,Lepidoptera,Papilionidae,Graphium,India,Maharashtra,,19.267938,72.971154,2026,2026-01-04T13:30,iNaturalist research-grade observations
5938065099,Euchrysops cnejus,"Euchrysops cnejus (Fabricius, 1798)",Animalia,Arthropoda,Insecta,Lepidoptera,Lycaenidae,Euchrysops,India,Gujarat,,22.876965,72.059228,2026,2026-01-02T10:43,iNaturalist research-grade observations
5938065191,Castalius rosimon,"Castalius rosimon (Fabricius, 1775)",Animalia,Arthropoda,Insecta,Lepidoptera,Lycaenidae,Castalius,India,Tamil Nadu,,12.931101,80.168266,2026,2026-01-04T08:33,iNaturalist research-grade observations
5938065193,Pernis ptilorhynchus,"Pernis ptilorhynchus ruficollis Lesson, 1830",Animalia,Chordata,Aves,Accipitriformes,Accipitridae,Pernis,India,Maharashtra,,18.112498,74.091894,2026,2026-01-02T10:48:45,iNaturalist research-grade observations
5938066340,Aythya fuligula,"Aythya fuligula (Linnaeus, 1758)",Animalia,Chordata,Aves,Anseriformes,Anatidae,Aythya,India,Madhya Pradesh,,21.531662,76.735081,2026,2026-01-04T13:25,iNaturalist research-grade observations
5938066483,Halcyon smyrnensis,"Halcyon smyrnensis (Linnaeus, 1758)",Animalia,Chordata,Aves,Coraciiformes,Alcedinidae,Halcyon,India,Gujarat,,22.702328,71.676322,2026,2026-01-03T08:12:22,iNaturalist research-grade observations
5938066492,Castalius rosimon,"Castalius rosimon (Fabricius, 1775)",Animalia,Arthropoda,Insecta,Lepidoptera,Lycaenidae,Castalius,India,Andhra Pradesh,,17.541679,83.044418,2026,2026-01-05T12:45:27,iNaturalist research-grade observations
5938066627,Netta rufina,"Netta rufina (Pallas, 1773)",Animalia,Chordata,Aves,Anseriformes,Anatidae,Netta,India,Madhya Pradesh,,21.370947,76.64796,2026,2026-01-03T12:19,iNaturalist research-grade observations
5938067229,Oecophylla smaragdina,"Oecophylla smaragdina (Fabricius, 1775)",Animalia,Arthropoda,Insecta,Hymenoptera,Formicidae,Oecophylla,India,Kerala,,10.041398,76.323103,2026,2026-01-01T12:10:59,iNaturalist research-grade observations
5938067390,Nephila pilipes,"Nephila pilipes (Fabricius, 1793)",Animalia,Arthropoda,Arachnida,Araneae,Araneidae,Nephila,India,Karnataka,,11.965797,77.179774,2026,2026-01-03,iNaturalist research-grade observations
5938067581,Plocamopherus ceylonicus,"Plocamopherus ceylonicus (Kelaart, 1858)",Animalia,Mollusca,Gastropoda,Nudibranchia,Polyceridae,Plocamopherus,India,Maharashtra,,18.958642,72.796463,2026,2026-01-02T17:22:32,iNaturalist research-grade observations
5938068327,Saxicola maurus,"Saxicola maurus (Pallas, 1773)",Animalia,Chordata,Aves,Passeriformes,Muscicapidae,Saxicola,India,Madhya Pradesh,,21.336842,76.506083,2026,2026-01-03T16:43,iNaturalist research-grade observations
5938068344,Motacilla maderaspatensis,"Motacilla maderaspatensis Gmelin, 1789",Animalia,Chordata,Aves,Passeriformes,Motacillidae,Motacilla,India,Uttarakhand,,30.381213,77.797188,2026,2026-01-03T14:42:25,iNaturalist research-grade observations
5938068753,Burhinus indicus,"Burhinus indicus (Salvadori, 1866)",Animalia,Chordata,Aves,Charadriiformes,Burhinidae,Burhinus,India,Gujarat,,22.831378,72.086644,2026,2026-01-01T10:14:35,iNaturalist research-grade observations
5938068767,Orthomorpha coarctata,"Orthomorpha coarctata (Saussure, 1860)",Animalia,Arthropoda,Diplopoda,Polydesmida,Paradoxosomatidae,Orthomorpha,India,Kerala,,10.041283,76.322947,2026,2026-01-01T12:01:34,iNaturalist research-grade observations
5938068774,Ardea cinerea,"Ardea cinerea Linnaeus, 1758",Animalia,Chordata,Aves,Pelecaniformes,Ardeidae,Ardea,India,Maharashtra,,19.156861,72.9581,2026,2026-01-01T11:04:42,iNaturalist research-grade observations
5938068916,Microcarbo niger,"Microcarbo niger (Vieillot, 1817)",Animalia,Chordata,Aves,Suliformes,Phalacrocoracidae,Microcarbo,India,Maharashtra,,19.138886,72.958464,2026,2026-01-03T11:00:02,iNaturalist research-grade observations
5938069279,Porphyrio porphyrio,"Porphyrio poliocephalus (Latham, 1801)",Animalia,Chordata,Aves,Gruiformes,Rallidae,Porphyrio,India,Goa,,15.553537,73.912404,2026,2026-01-04T13:15,iNaturalist research-grade observations
5938070697,Ardeola grayii,"Ardeola grayii (Sykes, 1832)",Animalia,Chordata,Aves,Pelecaniformes,Ardeidae,Ardeola,India,Kerala,,9.826583,76.311107,2026,2026-01-02T14:06:59,iNaturalist research-grade observations
5938070723,Plocamopherus ceylonicus,"Plocamopherus ceylonicus (Kelaart, 1858)",Animalia,Mollusca,Gastropoda,Nudibranchia,Polyceridae,Plocamopherus,India,Andhra Pradesh,,17.782441,83.382778,2026,2026-01-04T14:55:56,iNaturalist research-grade observations
5938070805,Sphagneticola trilobata,Sphagneticola trilobata (L.) Pruski,Plantae,Tracheophyta,Magnoliopsida,Asterales,Asteraceae,Sphagneticola,India,Tamil Nadu,,12.824147,80.041242,2026,2026-01-02T11:38:02,iNaturalist research-grade observations
5938070889,Lepidochelys olivacea,"Lepidochelys olivacea (Eschscholtz, 1829)",Animalia,Chordata,Testudines,,Cheloniidae,Lepidochelys,India,Andhra Pradesh,,17.909553,83.537664,2026,2026-01-03T01:22:51,iNaturalist research-grade observations
5938071080,Leucauge decorata,"Leucauge decorata (Blackwall, 1864)",Animalia,Arthropoda,Arachnida,Araneae,Tetragnathidae,Leucauge,India,Tamil Nadu,,13.08622,80.269798,2026,2026-01-02T12:16,iNaturalist research-grade observations
5938071150,Emberiza melanocephala,"Emberiza melanocephala Scopoli, 1769",Animalia,Chordata,Aves,Passeriformes,Emberizidae,Emberiza,India,Maharashtra,,18.795067,72.925728,2026,2026-01-02T09:21,iNaturalist research-grade observations
5938072384,Craspedocephalus macrolepis,"Craspedocephalus macrolepis Beddome, 1862",Animalia,Chordata,Squamata,,Viperidae,Craspedocephalus,India,Kerala,,10.15452,77.167157,2026,2026-01-01T07:19:54,iNaturalist research-grade observations
5938072524,Delias eucharis,"Delias eucharis (Drury, 1773)",Animalia,Arthropoda,Insecta,Lepidoptera,Pieridae,Delias,India,Karnataka,,13.276357,74.757301,2026,2026-01-05T16:48:02,iNaturalist research-grade observations
5938074064,Anastomus oscitans,"Anastomus oscitans (Boddaert, 1783)",Animalia,Chordata,Aves,Ciconiiformes,Ciconiidae,Anastomus,India,Karnataka,,13.45087,74.69737,2026,2026-01-02T18:12,iNaturalist research-grade observations
5938074149,Solanum torvum,Solanum torvum Sw.,Plantae,Tracheophyta,Magnoliopsida,Solanales,Solanaceae,Solanum,India,Tamil Nadu,,10.877694,79.093469,2026,2026-01-03T08:21:09,iNaturalist research-grade observations
5938075095,Pycnonotus leucotis,"Pycnonotus leucotis (Gould, 1836)",Animalia,Chordata,Aves,Passeriformes,Pycnonotidae,Pycnonotus,India,Gujarat,,22.82565,72.109518,2026,2026-01-01T08:14:01,iNaturalist research-grade observations
5938075278,Anser anser,"Anser anser (Linnaeus, 1758)",Animalia,Chordata,Aves,Anseriformes,Anatidae,Anser,India,Gujarat,,22.914714,71.973683,2026,2026-01-02T16:28:06,iNaturalist research-grade observations
5938075536,Funambulus pennantii,"Funambulus pennantii Wroughton, 1905",Animalia,Chordata,Mammalia,Rodentia,Sciuridae,Funambulus,India,Uttar Pradesh,,25.406201,81.839012,2026,2026-01-01T13:59:02,iNaturalist research-grade observations
5938075927,Saxicoloides fulicatus,"Copsychus fulicatus (Linnaeus, 1766)",Animalia,Chordata,Aves,Passeriformes,Muscicapidae,Saxicoloides,India,Rajasthan,,26.894976,75.814718,2026,2026-01-02T15:22:29,iNaturalist research-grade observations
5938076434,Egretta garzetta,"Egretta garzetta (Linnaeus, 1766)",Animalia,Chordata,Aves,Pelecaniformes,Ardeidae,Egretta,India,Maharashtra,,19.140336,72.962661,2026,2026-01-03T09:27:05,iNaturalist research-grade observations
5938076540,Tridax procumbens,Tridax procumbens L.,Plantae,Tracheophyta,Magnoliopsida,Asterales,Asteraceae,Tridax,India,Maharashtra,,20.598054,79.86906,2026,2026-01-04T16:19,iNaturalist research-grade observations
5938076568,Pastor roseus,"Pastor roseus (Linnaeus, 1758)",Animalia,Chordata,Aves,Passeriformes,Sturnidae,Pastor,India,Gujarat,,22.816927,72.106545,2026,2026-01-01T08:58,iNaturalist research-grade observations
5938076699,,"Thinornis G.R.Gray, 1844",Animalia,Chordata,Aves,Charadriiformes,Charadriidae,Thinornis,India,Tamil Nadu,,12.331495,80.014338,2026,2026-01-04T09:32,iNaturalist research-grade observations
5938077737,Turdoides striata,"Argya striata (Dumont, 1823)",Animalia,Chordata,Aves,Passeriformes,Leiothrichidae,Turdoides,India,Gujarat,,22.289718,73.191251,2026,2026-01-01T15:43:57,iNaturalist research-grade observations
5938078609,Myrmicaria brunnea,"Myrmicaria brunnea Saunders, 1842",Animalia,Arthropoda,Insecta,Hymenoptera,Formicidae,Myrmicaria,India,Kerala,,10.220139,76.201278,2026,2026-01-05T18:05:33,iNaturalist research-grade observations
5938078948,Scatophagus argus,"Scatophagus argus (Linnaeus, 1766)",Animalia,Chordata,,Perciformes,Scatophagidae,Scatophagus,India,Goa,,15.472509,73.997855,2026,2026-01-04T18:01:40,iNaturalist research-grade observations
5938079007,Tadorna ferruginea,"Tadorna ferruginea (Pallas, 1764)",Animalia,Chordata,Aves,Anseriformes,Anatidae,Tadorna,India,Madhya Pradesh,,21.336842,76.506083,2026,2026-01-03T16:55,iNaturalist research-grade observations
5938080211,Dicrurus macrocercus,"Dicrurus macrocercus Vieillot, 1817",Animalia,Chordata,Aves,Passeriformes,Dicruridae,Dicrurus,India,Maharashtra,,18.661927,72.865929,2026,2026-01-01T09:40,iNaturalist research-grade observations
5938080315,Ariadne merione,"Ariadne merione (Cramer, 1779)",Animalia,Arthropoda,Insecta,Lepidoptera,Nymphalidae,Ariadne,India,Odisha,,19.4237,84.827633,2026,2026-01-04T12:59:59,iNaturalist research-grade observations
5938080351,Milvus migrans,"Milvus migrans (Boddaert, 1783)",Animalia,Chordata,Aves,Accipitriformes,Accipitridae,Milvus,India,Kerala,,9.907018,76.316322,2026,2026-01-02T13:32:09,iNaturalist research-grade observations
5938081177,Thelacantha brevispina,"Thelacantha brevispina (Doleschall, 1857)",Animalia,Arthropoda,Arachnida,Araneae,Araneidae,Thelacantha,India,Maharashtra,,19.139622,72.957447,2026,2026-01-03T08:29:56,iNaturalist research-grade observations
5938082731,Spatula clypeata,"Spatula clypeata (Linnaeus, 1758)",Animalia,Chordata,Aves,Anseriformes,Anatidae,Spatula,India,Maharashtra,,19.140303,72.961078,2026,2026-01-03T10:24:34,iNaturalist research-grade observations
5938083338,Ophisops leschenaultii,"Ophisops leschenaultii (Milne-Edwards, 1829)",Animalia,Chordata,Squamata,,Lacertidae,Ophisops,India,Karnataka,,13.570119,77.993669,2026,2026-01-01T11:43:52,iNaturalist research-grade observations
5938083949,Centropus sinensis,"Centropus sinensis (Stephens, 1815)",Animalia,Chordata,Aves,Cuculiformes,Cuculidae,Centropus,India,Karnataka,,13.051896,77.752508,2026,2026-01-01T09:16:36,iNaturalist research-grade observations
5938084146,Copsychus saularis,"Copsychus saularis (Linnaeus, 1758)",Animalia,Chordata,Aves,Passeriformes,Muscicapidae,Copsychus,India,Kerala,,9.030278,76.896036,2026,2026-01-01T07:47:19,iNaturalist research-grade observations
5938084208,Lagocephalus laevigatus,"Lagocephalus laevigatus (Linnaeus, 1766)",Animalia,Chordata,,Tetraodontiformes,Tetraodontidae,Lagocephalus,India,Kerala,,12.130643,75.148503,2026,2026-01-02,iNaturalist research-grade observations
5938084344,Acraea terpsicore,"Acraea terpsicore (Linnaeus, 1758)",Animalia,Arthropoda,Insecta,Lepidoptera,Nymphalidae,Acraea,India,Tamil Nadu,,9.154089,77.465574,2026,2026-01-01T01:09,iNaturalist research-grade observations
5938085138,Pavo cristatus,"Pavo cristatus Linnaeus, 1758",Animalia,Chordata,Aves,Galliformes,Phasianidae,Pavo,India,Telangana,,17.454906,78.360978,2026,2026-01-01T14:32:18,iNaturalist research-grade observations
5938085585,Danaus genutia,"Danaus genutia (Cramer, 1779)",Animalia,Arthropoda,Insecta,Lepidoptera,Nymphalidae,Danaus,India,Tamil Nadu,,11.254508,77.65818,2026,2026-01-02T10:03:03,iNaturalist research-grade observations
5938085767,Euthalia aconthea,"Euthalia aconthea Cramer, 1779",Animalia,Arthropoda,Insecta,Lepidoptera,Nymphalidae,Euthalia,India,Karnataka,,12.960297,77.52512,2026,2026-01-03T11:21,iNaturalist research-grade observations
5938085792,Platalea leucorodia,"Platalea leucorodia Linnaeus, 1758",Animalia,Chordata,Aves,Pelecaniformes,Threskiornithidae,Platalea,India,Tamil Nadu,,12.717904,80.212587,2026,2026-01-02T08:33,iNaturalist research-grade observations
5938086029,Junonia atlites,"Junonia atlites (Linnaeus, 1763)",Animalia,Arthropoda,Insecta,Lepidoptera,Nymphalidae,Junonia,India,Maharashtra,,15.775938,74.082253,2026,2026-01-05T09:35:46,iNaturalist research-grade observations
5938087162,,"Tachyspiza Kaup, 1844",Animalia,Chordata,Aves,,,Tachyspiza,India,Karnataka,,12.847007,77.646632,2026,2026-01-02T13:28,iNaturalist research-grade observations
5938087362,Ardea purpurea,"Ardea purpurea Linnaeus, 1766",Animalia,Chordata,Aves,Pelecaniformes,Ardeidae,Ardea,India,Goa,,15.293755,73.909294,2026,2026-01-04T03:04:41,iNaturalist research-grade observations
5938087917,Amaurornis phoenicurus,"Amaurornis phoenicurus (Pennant, 1769)",Animalia,Chordata,Aves,Gruiformes,Rallidae,Amaurornis,India,Kerala,,11.818014,75.432492,2026,2026-01-04T18:03:35,iNaturalist research-grade observations
5938089121,Ardea cinerea,"Ardea cinerea Linnaeus, 1758",Animalia,Chordata,Aves,Pelecaniformes,Ardeidae,Ardea,India,Tamil Nadu,,11.891788,77.771567,2026,2026-01-01T17:26,iNaturalist research-grade observations
5938089291,Codiaeum variegatum,Codiaeum variegatum (L.) Rumph. ex A.Juss.,Plantae,Tracheophyta,Magnoliopsida,Malpighiales,Euphorbiaceae,Codiaeum,India,Maharashtra,,19.869471,75.371408,2026,2026-01-03T11:12:57,iNaturalist research-grade observations
5938089353,Leptosia nina,"Leptosia nina (Fabricius, 1793)",Animalia,Arthropoda,Insecta,Lepidoptera,Pieridae,Leptosia,India,Telangana,,17.491333,78.302732,2026,2026-01-04T12:07:38,iNaturalist research-grade observations
5938089394,Euodice malabarica,"Euodice malabarica (Linnaeus, 1758)",Animalia,Chordata,Aves,Passeriformes,Estrildidae,Euodice,India,Gujarat,,22.909568,72.209451,2026,2026-01-03T08:09,iNaturalist research-grade observations
5938089524,Adoxomyia heminopla,"Adoxomyia heminopla (Wiedemann, 1819)",Animalia,Arthropoda,Insecta,Diptera,Stratiomyidae,Adoxomyia,India,Kerala,,10.041444,76.323079,2026,2026-01-01T11:58:40,iNaturalist research-grade observations
5938089545,Ropalidia variegata,"Ropalidia variegata (Smith, 1852)",Animalia,Arthropoda,Insecta,Hymenoptera,Vespidae,Ropalidia,India,Uttar Pradesh,,25.449271,81.781615,2026,2026-01-01T15:25:10,iNaturalist research-grade observations
5938092301,Copsychus saularis,"Copsychus saularis (Linnaeus, 1758)",Animalia,Chordata,Aves,Passeriformes,Muscicapidae,Copsychus,India,Uttar Pradesh,,25.413314,81.846528,2026,2026-01-05T10:44:25,iNaturalist research-grade observations
5938092332,Anoplolepis gracilipes,"Anoplolepis gracilipes (Smith, 1857)",Animalia,Arthropoda,Insecta,Hymenoptera,Formicidae,Anoplolepis,India,Kerala,,10.227283,76.198606,2026,2026-01-05T17:21:11,iNaturalist research-grade observations
5938092431,Euthalia aconthea,"Euthalia aconthea Cramer, 1779",Animalia,Arthropoda,Insecta,Lepidoptera,Nymphalidae,Euthalia,India,Karnataka,,12.891503,77.592306,2026,2026-01-04T11:18,iNaturalist research-grade observations
5938092699,Dicrurus macrocercus,"Dicrurus macrocercus Vieillot, 1817",Animalia,Chordata,Aves,Passeriformes,Dicruridae,Dicrurus,India,Madhya Pradesh,,21.531662,76.735081,2026,2026-01-04T13:14,iNaturalist research-grade observations
5938093165,Lantana camara,Lantana camara L.,Plantae,Tracheophyta,Magnoliopsida,Lamiales,Verbenaceae,Lantana,India,Uttar Pradesh,,25.413314,81.846528,2026,2026-01-05T10:56:43,iNaturalist research-grade observations
5938093193,Crossopriza lyoni,"Crossopriza lyoni (Blackwall, 1867)",Animalia,Arthropoda,Arachnida,Araneae,Pholcidae,Crossopriza,India,Kerala,,10.053525,76.32267,2026,2026-01-05T20:30:47,iNaturalist research-grade observations
5938093289,Milvus migrans,"Milvus migrans (Boddaert, 1783)",Animalia,Chordata,Aves,Accipitriformes,Accipitridae,Milvus,India,Maharashtra,,19.141906,72.964628,2026,2026-01-04T10:53,iNaturalist research-grade observations
5938093396,Monomorium atomum,"Monomorium atomum Forel, 1902",Animalia,Arthropoda,Insecta,Hymenoptera,Formicidae,Monomorium,India,Kerala,,10.04133,76.323074,2026,2026-01-01T19:35:37,iNaturalist research-grade observations
5938093622,Merops orientalis,"Merops orientalis Latham, 1801",Animalia,Chordata,Aves,Coraciiformes,Meropidae,Merops,India,Telangana,,17.424803,78.545365,2026,2026-01-02T17:52:34,iNaturalist research-grade observations
5938093759,Junonia lemonias,"Junonia lemonias (Linnaeus, 1758)",Animalia,Arthropoda,Insecta,Lepidoptera,Nymphalidae,Junonia,India,Kerala,,10.104459,76.289785,2026,2026-01-04T16:39:28,iNaturalist research-grade observations
5938093760,Danaus chrysippus,"Danaus chrysippus (Linnaeus, 1758)",Animalia,Arthropoda,Insecta,Lepidoptera,Nymphalidae,Danaus,India,Maharashtra,,19.03582,73.041245,2026,2026-01-04T15:50:38,iNaturalist research-grade observations
5938093828,Mycteria leucocephala,"Mycteria leucocephala (Pennant, 1769)",Animalia,Chordata,Aves,Ciconiiformes,Ciconiidae,Mycteria,India,Gujarat,,22.894678,72.091601,2026,2026-01-02T09:10,iNaturalist research-grade observations
5938094029,Cheilomenes sexmaculata,"Cheilomenes sexmaculata (Fabricius, 1781)",Animalia,Arthropoda,Insecta,Coleoptera,Coccinellidae,Cheilomenes,India,Telangana,,17.421126,78.547612,2026,2026-01-03T11:08:07,iNaturalist research-grade observations
5938094241,Pandion haliaetus,"Pandion haliaetus (Linnaeus, 1758)",Animalia,Chordata,Aves,Accipitriformes,Pandionidae,Pandion,India,Goa,,15.449365,73.930287,2026,2026-01-02T10:09:01,iNaturalist research-grade observations
5938096208,Zemeros flegyas,"Zemeros flegyas Cramer, 1780",Animalia,Arthropoda,Insecta,Lepidoptera,Riodinidae,Zemeros,India,Assam,,26.680315,93.975318,2026,2026-01-01T14:42:11,iNaturalist research-grade observations
5938098081,Actitis hypoleucos,"Actitis hypoleucos (Linnaeus, 1758)",Animalia,Chordata,Aves,Charadriiformes,Scolopacidae,Actitis,India,Karnataka,,13.632324,74.670222,2026,2026-01-01T08:40,iNaturalist research-grade observations
5938098105,Parathyma nefte,Athyma inara Doubleday,Animalia,Arthropoda,Insecta,Lepidoptera,Nymphalidae,Parathyma,India,Assam,,26.680315,93.975318,2026,2026-01-01T14:36:23,iNaturalist research-grade observations
5938098694,Oenanthe fusca,"Oenanthe fusca (Blyth, 1851)",Animalia,Chordata,Aves,Passeriformes,Muscicapidae,Oenanthe,India,Maharashtra,,20.598189,79.869236,2026,2026-01-01T18:00,iNaturalist research-grade observations
5938098739,Nephila pilipes,"Nephila pilipes (Fabricius, 1793)",Animalia,Arthropoda,Arachnida,Araneae,Araneidae,Nephila,India,Tamil Nadu,,10.357678,76.887505,2026,2026-01-02T11:09:12,iNaturalist research-grade observations
5938098861,Ceriagrion coromandelianum,"Ceriagrion coromandelianum (Fabricius, 1798)",Animalia,Arthropoda,Insecta,Odonata,Coenagrionidae,Ceriagrion,India,Gujarat,,21.154268,71.745139,2026,2026-01-04T10:06:09,iNaturalist research-grade observations
5938098881,Hirundo rustica,"Hirundo rustica Linnaeus, 1758",Animalia,Chordata,Aves,Passeriformes,Hirundinidae,Hirundo,India,Maharashtra,,19.141906,72.964628,2026,2026-01-04T10:29,iNaturalist research-grade observations
5938099009,Pseudibis papillosa,"Pseudibis papillosa (Temminck, 1824)",Animalia,Chordata,Aves,Pelecaniformes,Threskiornithidae,Pseudibis,India,Karnataka,,13.7895,76.840725,2026,2026-01-01T15:12:55,iNaturalist research-grade observations
5938099603,Spoladea recurvalis,"Spoladea recurvalis (Fabricius, 1775)",Animalia,Arthropoda,Insecta,Lepidoptera,Crambidae,Spoladea,India,Maharashtra,,18.478767,73.830987,2026,2026-01-02T19:48:58,iNaturalist research-grade observations
5938099616,,Colubridae,Animalia,Chordata,Squamata,,Colubridae,,India,Karnataka,,12.554858,75.799142,2026,2026-01-02T08:57:47,iNaturalist research-grade observations
5938099631,Palythoa mutuki,"Palythoa mutuki (Haddon & Shackleton, 1891)",Animalia,Cnidaria,Anthozoa,Zoantharia,Sphenopidae,Palythoa,India,Maharashtra,,18.956918,72.795007,2026,2026-01-02T16:47:27,iNaturalist research-grade observations
5938100352,Dicrurus paradiseus,"Dicrurus paradiseus (Linnaeus, 1766)",Animalia,Chordata,Aves,Passeriformes,Dicruridae,Dicrurus,India,Maharashtra,,15.726366,73.986857,2026,2026-01-02T16:44:09,iNaturalist research-grade observations
5938100394,Lonchura striata,"Lonchura striata (Linnaeus, 1766)",Animalia,Chordata,Aves,Passeriformes,Estrildidae,Lonchura,India,Kerala,,10.538997,76.1863,2026,2026-01-02T16:30,iNaturalist research-grade observations
5938100670,Papilio polytes,"Papilio polytes Linnaeus, 1758",Animalia,Arthropoda,Insecta,Lepidoptera,Papilionidae,Papilio,India,Tamil Nadu,,11.098628,77.214543,2026,2026-01-01T11:31:42,iNaturalist research-grade observations
5938100822,Neoscona theisi,"Neoscona theisi (Walckenaer, 1841)",Animalia,Arthropoda,Arachnida,Araneae,Araneidae,Neoscona,India,Maharashtra,,19.990262,72.739658,2026,2026-01-02T20:29:43,iNaturalist research-grade observations
5938100833,Pycnonotus leucotis,"Pycnonotus leucotis (Gould, 1836)",Animalia,Chordata,Aves,Passeriformes,Pycnonotidae,Pycnonotus,India,Maharashtra,,18.795067,72.925728,2026,2026-01-02T09:06,iNaturalist research-grade observations
5938101772,Glareola lactea,"Glareola lactea Temminck, 1820",Animalia,Chordata,Aves,Charadriiformes,Glareolidae,Glareola,India,Maharashtra,,18.124145,74.044401,2026,2026-01-03T13:09:23,iNaturalist research-grade observations
5938101893,Neptis jumbah,"Neptis jumbah Moore, 1857",Animalia,Arthropoda,Insecta,Lepidoptera,Nymphalidae,Neptis,India,Karnataka,,12.891503,77.592306,2026,2026-01-04T11:19,iNaturalist research-grade observations
5938102316,Euploea core,"Euploea core (Cramer, 1780)",Animalia,Arthropoda,Insecta,Lepidoptera,Nymphalidae,Euploea,India,Tamil Nadu,,10.85382,77.67492,2026,2026-01-02T16:34:53,iNaturalist research-grade observations
5938102358,Camponotus compressus,"Camponotus compressus (Fabricius, 1787)",Animalia,Arthropoda,Insecta,Hymenoptera,Formicidae,Camponotus,India,Telangana,,17.396766,78.334772,2026,2026-01-02T23:20:17,iNaturalist research-grade observations
5938102397,Ardea cinerea,"Ardea cinerea Linnaeus, 1758",Animalia,Chordata,Aves,Pelecaniformes,Ardeidae,Ardea,India,Karnataka,,13.789542,76.840669,2026,2026-01-01T15:16:08,iNaturalist research-grade observations
5938102852,Prosotas nora,"Prosotas nora (Felder, 1860)",Animalia,Arthropoda,Insecta,Lepidoptera,Lycaenidae,Prosotas,India,Telangana,,17.491341,78.302739,2026,2026-01-03T11:30:42,iNaturalist research-grade observations
5938102877,Lepidochelys olivacea,"Lepidochelys olivacea (Eschscholtz, 1829)",Animalia,Chordata,Testudines,,Cheloniidae,Lepidochelys,India,Andhra Pradesh,,17.880188,83.505967,2026,2026-01-03T01:22:02,iNaturalist research-grade observations
5938102936,Junonia iphita,"Junonia iphita (Cramer, 1782)",Animalia,Arthropoda,Insecta,Lepidoptera,Nymphalidae,Junonia,India,Karnataka,,13.065081,77.648006,2026,2026-01-03T14:26:58,iNaturalist research-grade observations
5938102965,Panthera pardus,"Panthera pardus fusca (Meyer, 1794)",Animalia,Chordata,Mammalia,Carnivora,Felidae,Panthera,India,Maharashtra,,19.127343,72.98195,2026,2026-01-01T23:40,iNaturalist research-grade observations
5938103298,Tirumala septentrionis,"Tirumala septentrionis (Butler, 1874)",Animalia,Arthropoda,Insecta,Lepidoptera,Nymphalidae,Tirumala,India,Kerala,,10.389883,76.100994,2026,2026-01-04T14:11,iNaturalist research-grade observations
5938104070,Zizina otis,"Zizina otis (Fabricius, 1787)",Animalia,Arthropoda,Insecta,Lepidoptera,Lycaenidae,Zizina,India,Assam,,26.680315,93.975318,2026,2026-01-01T13:47:48,iNaturalist research-grade observations
5938106013,Nephila pilipes,"Nephila pilipes (Fabricius, 1793)",Animalia,Arthropoda,Arachnida,Araneae,Araneidae,Nephila,India,Tamil Nadu,,10.357662,76.887505,2026,2026-01-02T11:08:18,iNaturalist research-grade observations
5938106051,Zizina otis,"Zizina otis (Fabricius, 1787)",Animalia,Arthropoda,Insecta,Lepidoptera,Lycaenidae,Zizina,India,Telangana,,17.36775,78.356663,2026,2026-01-03T11:45:05,iNaturalist research-grade observations
5938106365,Lanius schach,"Lanius schach Linnaeus, 1758",Animalia,Chordata,Aves,Passeriformes,Laniidae,Lanius,India,Karnataka,,12.311931,77.276921,2026,2026-01-03T10:42,iNaturalist research-grade observations
5938106754,Earias flavida,"Earias flavida Felder, 1861",Animalia,Arthropoda,Insecta,Lepidoptera,Nolidae,Earias,India,Kerala,,10.173672,76.439129,2026,2026-01-02T20:40:43,iNaturalist research-grade observations
5938106779,Amaurornis phoenicurus,"Amaurornis phoenicurus (Pennant, 1769)",Animalia,Chordata,Aves,Gruiformes,Rallidae,Amaurornis,India,West Bengal,,22.443956,88.301721,2026,2026-01-04T16:35:48,iNaturalist research-grade observations
5938107434,Threskiornis melanocephalus,"Threskiornis melanocephalus (Latham, 1790)",Animalia,Chordata,Aves,Pelecaniformes,Threskiornithidae,Threskiornis,India,Tamil Nadu,,12.717904,80.212587,2026,2026-01-02T07:20,iNaturalist research-grade observations
5938108878,Plegadis falcinellus,"Plegadis falcinellus (Linnaeus, 1766)",Animalia,Chordata,Aves,Pelecaniformes,Threskiornithidae,Plegadis,India,Assam,,26.961605,94.628057,2026,2026-01-01T16:18:39,iNaturalist research-grade observations
5938109421,Suastus gremius,"Suastus gremius (Fabricius, 1798)",Animalia,Arthropoda,Insecta,Lepidoptera,Hesperiidae,Suastus,India,Karnataka,,12.891503,77.592306,2026,2026-01-04T10:44,iNaturalist research-grade observations
5938109538,Microcarbo niger,"Microcarbo niger (Vieillot, 1817)",Animalia,Chordata,Aves,Suliformes,Phalacrocoracidae,Microcarbo,India,Maharashtra,,19.015496,73.006286,2026,2026-01-02T10:18,iNaturalist research-grade observations
5938109550,Haliaeetus leucogaster,"Icthyophaga leucogaster (J.F.Gmelin, 1788)",Animalia,Chordata,Aves,Accipitriformes,Accipitridae,Haliaeetus,India,Karnataka,,13.45087,74.69737,2026,2026-01-02T17:35,iNaturalist research-grade observations
5938109764,Lawana conspersa,"Lawana conspersa (Walker, 1851)",Animalia,Arthropoda,Insecta,Hemiptera,Flatidae,Lawana,India,Odisha,,19.354206,83.787658,2026,2026-01-02T10:18:35,iNaturalist research-grade observations
5938109834,Cheilomenes sexmaculata,"Cheilomenes sexmaculata (Fabricius, 1781)",Animalia,Arthropoda,Insecta,Coleoptera,Coccinellidae,Cheilomenes,India,Telangana,,17.420742,78.547602,2026,2026-01-03T11:04:45,iNaturalist research-grade observations
5938109864,Acraea terpsicore,"Acraea terpsicore (Linnaeus, 1758)",Animalia,Arthropoda,Insecta,Lepidoptera,Nymphalidae,Acraea,India,Maharashtra,,18.554031,73.790458,2026,2026-01-03T12:46,iNaturalist research-grade observations
5938109870,Phalacrocorax fuscicollis,"Phalacrocorax fuscicollis Stephens, 1826",Animalia,Chordata,Aves,Suliformes,Phalacrocoracidae,Phalacrocorax,India,Tamil Nadu,,12.717904,80.212587,2026,2026-01-02T07:45,iNaturalist research-grade observations
5938110100,Zosterops palpebrosus,"Zosterops palpebrosus (Temminck, 1824)",Animalia,Chordata,Aves,Passeriformes,Zosteropidae,Zosterops,India,Uttarakhand,,30.395097,78.09436,2026,2026-01-03T07:56:13,iNaturalist research-grade observations
5938110213,Neptis hylas,"Neptis hylas Linnaeus, 1758",Animalia,Arthropoda,Insecta,Lepidoptera,Nymphalidae,Neptis,India,Tamil Nadu,,12.931101,80.168266,2026,2026-01-04T08:38,iNaturalist research-grade observations
5938110258,Threskiornis melanocephalus,"Threskiornis melanocephalus (Latham, 1790)",Animalia,Chordata,Aves,Pelecaniformes,Threskiornithidae,Threskiornis,India,Madhya Pradesh,,21.336842,76.506083,2026,2026-01-03T17:11,iNaturalist research-grade observations
5938110349,Anas acuta,"Anas acuta Linnaeus, 1758",Animalia,Chordata,Aves,Anseriformes,Anatidae,Anas,India,Madhya Pradesh,,21.336842,76.506083,2026,2026-01-03T17:19,iNaturalist research-grade observations
5938110370,Lepidochelys olivacea,"Lepidochelys olivacea (Eschscholtz, 1829)",Animalia,Chordata,Testudines,,Cheloniidae,Lepidochelys,India,Tamil Nadu,,12.139369,79.992004,2026,2026-01-03T18:16:10,iNaturalist research-grade observations
5938110421,Spilornis cheela,"Spilornis cheela (Latham, 1790)",Animalia,Chordata,Aves,Accipitriformes,Accipitridae,Spilornis,India,Tamil Nadu,,8.484364,77.336707,2026,2026-01-04T13:33:09,iNaturalist research-grade observations
5938110589,Fulica atra,"Fulica atra Linnaeus, 1758",Animalia,Chordata,Aves,Gruiformes,Rallidae,Fulica,India,Tamil Nadu,,12.855572,79.359378,2026,2026-01-05,iNaturalist research-grade observations
5938111071,Oena capensis,"Oena capensis (Linnaeus, 1766)",Animalia,Chordata,Aves,Columbiformes,Columbidae,Oena,India,Gujarat,,22.850543,72.091815,2026,2026-01-01T17:20:12,iNaturalist research-grade observations
5938111266,Dendrocitta vagabunda,"Dendrocitta vagabunda (Latham, 1790)",Animalia,Chordata,Aves,Passeriformes,Corvidae,Dendrocitta,India,Kerala,,8.509595,76.95485,2026,2026-01-02T06:56:05,iNaturalist research-grade observations
5938112153,Leptosia nina,"Leptosia nina (Fabricius, 1793)",Animalia,Arthropoda,Insecta,Lepidoptera,Pieridae,Leptosia,India,Andhra Pradesh,,17.684817,83.199002,2026,2026-01-04T12:57:39,iNaturalist research-grade observations
5938113461,Phalanta phalantha,"Phalanta phalantha (Drury, 1773)",Animalia,Arthropoda,Insecta,Lepidoptera,Nymphalidae,Phalanta,India,Madhya Pradesh,,23.144908,80.044753,2026,2026-01-02T11:32:28,iNaturalist research-grade observations
5938114262,Vanellus indicus,"Vanellus indicus (Boddaert, 1783)",Animalia,Chordata,Aves,Charadriiformes,Charadriidae,Vanellus,India,Telangana,,17.457778,78.357975,2026,2026-01-01T15:29:36,iNaturalist research-grade observations
5938115520,Gasteracantha geminata,"Gasteracantha geminata (Fabricius, 1798)",Animalia,Arthropoda,Arachnida,Araneae,Araneidae,Gasteracantha,India,Tamil Nadu,,11.683845,78.165564,2026,2026-01-01T08:57:28,iNaturalist research-grade observations
5938115525,Coelognathus helena,"Coelognathus helena helena (Daudin, 1803)",Animalia,Chordata,Squamata,,Colubridae,Coelognathus,India,Andhra Pradesh,,14.62373,79.047142,2026,2026-01-01T19:01:26,iNaturalist research-grade observations
5938115664,Ariadne merione,"Ariadne merione (Cramer, 1779)",Animalia,Arthropoda,Insecta,Lepidoptera,Nymphalidae,Ariadne,India,Tamil Nadu,,13.044519,80.279035,2026,2026-01-02T12:21:36,iNaturalist research-grade observations
5938116097,Halcyon smyrnensis,"Halcyon smyrnensis (Linnaeus, 1758)",Animalia,Chordata,Aves,Coraciiformes,Alcedinidae,Halcyon,India,Tamil Nadu,,12.717904,80.212587,2026,2026-01-02T07:37,iNaturalist research-grade observations
5938116631,Paratrechina longicornis,"Paratrechina longicornis (Latreille, 1802)",Animalia,Arthropoda,Insecta,Hymenoptera,Formicidae,Paratrechina,India,Kerala,,10.041259,76.322982,2026,2026-01-01T12:13:45,iNaturalist research-grade observations
5938116731,,"Thinornis G.R.Gray, 1844",Animalia,Chordata,Aves,Charadriiformes,Charadriidae,Thinornis,India,Tamil Nadu,,12.874312,79.372389,2026,2026-01-02,iNaturalist research-grade observations
5938116824,Circus aeruginosus,"Circus aeruginosus (Linnaeus, 1758)",Animalia,Chordata,Aves,Accipitriformes,Accipitridae,Circus,India,Maharashtra,,19.1406,72.959944,2026,2026-01-03T07:46:07,iNaturalist research-grade observations
5938116831,Anas acuta,"Anas acuta Linnaeus, 1758",Animalia,Chordata,Aves,Anseriformes,Anatidae,Anas,India,Tamil Nadu,,12.717904,80.212587,2026,2026-01-02T09:14,iNaturalist research-grade observations
5938116854,Ceryle rudis,"Ceryle rudis (Linnaeus, 1758)",Animalia,Chordata,Aves,Coraciiformes,Alcedinidae,Ceryle,India,Tamil Nadu,,12.80469,80.241398,2026,2026-01-02T12:56,iNaturalist research-grade observations
5938116964,Euthalia aconthea,"Euthalia aconthea Cramer, 1779",Animalia,Arthropoda,Insecta,Lepidoptera,Nymphalidae,Euthalia,India,Kerala,,9.950119,76.74619,2026,2026-01-04T12:09:03,iNaturalist research-grade observations
5938116979,Pachliopta pandiyana,"Pachliopta pandiyana (Moore, 1881)",Animalia,Arthropoda,Insecta,Lepidoptera,Papilionidae,Pachliopta,India,Tamil Nadu,,8.645269,77.200924,2026,2026-01-01T12:01:07,iNaturalist research-grade observations
5938117189,Eclipta prostrata,Eclipta prostrata (L.) L.,Plantae,Tracheophyta,Magnoliopsida,Asterales,Asteraceae,Eclipta,India,Uttar Pradesh,,25.427628,81.843486,2026,2026-01-01T09:34:42,iNaturalist research-grade observations
5938117194,Mycteria leucocephala,"Mycteria leucocephala (Pennant, 1769)",Animalia,Chordata,Aves,Ciconiiformes,Ciconiidae,Mycteria,India,Karnataka,,12.975506,77.689801,2026,2026-01-01T08:37,iNaturalist research-grade observations
5938117205,Apis cerana,"Apis cerana Fabricius, 1793",Animalia,Arthropoda,Insecta,Hymenoptera,Apidae,Apis,India,Bihar,,25.606113,85.017334,2026,2026-01-01T14:10:56,iNaturalist research-grade observations
5938117761,Netta rufina,"Netta rufina (Pallas, 1773)",Animalia,Chordata,Aves,Anseriformes,Anatidae,Netta,India,Madhya Pradesh,,21.370947,76.64796,2026,2026-01-03T10:26,iNaturalist research-grade observations
5938117780,Aquila clanga,"Clanga clanga (Pallas, 1811)",Animalia,Chordata,Aves,Accipitriformes,Accipitridae,Aquila,India,Tamil Nadu,,12.285612,80.056355,2026,2026-01-04T09:48,iNaturalist research-grade observations
5938117784,Oecophylla smaragdina,"Oecophylla smaragdina (Fabricius, 1775)",Animalia,Arthropoda,Insecta,Hymenoptera,Formicidae,Oecophylla,India,Kerala,,10.22006,76.201332,2026,2026-01-05T18:08:07,iNaturalist research-grade observations
5938117955,Treron chloropterus,"Treron chloropterus Blyth, 1845",Animalia,Chordata,Aves,Columbiformes,Columbidae,Treron,India,Andaman and Nicobar,,12.092662,93.133938,2026,2026-01-01T06:26:44,iNaturalist research-grade observations
5938118019,Pavo cristatus,"Pavo cristatus Linnaeus, 1758",Animalia,Chordata,Aves,Galliformes,Phasianidae,Pavo,India,Tamil Nadu,,11.430077,77.745648,2026,2026-01-02T09:00,iNaturalist research-grade observations
5938118168,Sylvia curruca,"Curruca curruca (Linnaeus, 1758)",Animalia,Chordata,Aves,Passeriformes,Sylviidae,Sylvia,India,Rajasthan,,25.116988,73.143812,2026,2026-01-03T11:41:38,iNaturalist research-grade observations
5938118200,Phalacrocorax carbo,"Phalacrocorax carbo (Linnaeus, 1758)",Animalia,Chordata,Aves,Suliformes,Phalacrocoracidae,Phalacrocorax,India,Tamil Nadu,,12.804274,80.245152,2026,2026-01-02T11:31,iNaturalist research-grade observations
5938118209,Hieraaetus pennatus,"Hieraaetus pennatus (Gmelin, 1788)",Animalia,Chordata,Aves,Accipitriformes,Accipitridae,Hieraaetus,India,Kerala,,8.520667,76.906958,2026,2026-01-03T17:42:57,iNaturalist research-grade observations
5938118493,Ceriagrion cerinorubellum,"Ceriagrion cerinorubellum (Brauer, 1865)",Animalia,Arthropoda,Insecta,Odonata,Coenagrionidae,Ceriagrion,India,Kerala,,10.289583,76.205722,2026,2026-01-02T15:18:37,iNaturalist research-grade observations
5938118672,Oxyopes shweta,"Oxyopes shweta Tikader, 1970",Animalia,Arthropoda,Arachnida,Araneae,Oxyopidae,Oxyopes,India,Karnataka,,12.377589,76.66204,2026,2026-01-04T08:00,iNaturalist research-grade observations
5938118879,Porpita porpita,"Porpita porpita (Linnaeus, 1758)",Animalia,Cnidaria,Hydrozoa,Anthoathecata,Porpitidae,Porpita,India,Andaman and Nicobar,,11.62768,92.752016,2026,2026-01-05T14:47:25,iNaturalist research-grade observations
5938120581,Tirumala limniace,"Tirumala limniace (Cramer, 1775)",Animalia,Arthropoda,Insecta,Lepidoptera,Nymphalidae,Tirumala,India,Maharashtra,,19.867162,72.897877,2026,2026-01-02T11:58:24,iNaturalist research-grade observations
5938120602,Passer domesticus,"Passer domesticus (Linnaeus, 1758)",Animalia,Chordata,Aves,Passeriformes,Passeridae,Passer,India,Rajasthan,,26.894274,75.815543,2026,2026-01-02T15:36:35,iNaturalist research-grade observations
5938120610,Pycnonotus leucotis,"Pycnonotus leucotis (Gould, 1836)",Animalia,Chordata,Aves,Passeriformes,Pycnonotidae,Pycnonotus,India,Maharashtra,,19.015496,73.006286,2026,2026-01-02T10:19,iNaturalist research-grade observations
5938120686,Ardeola grayii,"Ardeola grayii (Sykes, 1832)",Animalia,Chordata,Aves,Pelecaniformes,Ardeidae,Ardeola,India,Tamil Nadu,,11.40873,77.618065,2026,2026-01-02T09:06,iNaturalist research-grade observations
5938121013,Eurema laeta,"Eurema laeta (Boisduval, 1836)",Animalia,Arthropoda,Insecta,Lepidoptera,Pieridae,Eurema,India,Maharashtra,,18.554031,73.790458,2026,2026-01-03T13:09,iNaturalist research-grade observations
5938121035,Actitis hypoleucos,"Actitis hypoleucos (Linnaeus, 1758)",Animalia,Chordata,Aves,Charadriiformes,Scolopacidae,Actitis,India,Tamil Nadu,,12.804274,80.245152,2026,2026-01-02T10:56,iNaturalist research-grade observations
5938121201,Boselaphus tragocamelus,"Boselaphus tragocamelus (Pallas, 1766)",Animalia,Chordata,Mammalia,Artiodactyla,Bovidae,Boselaphus,India,Gujarat,,22.866364,72.055273,2026,2026-01-02T11:34,iNaturalist research-grade observations
5938123402,Mirabilis jalapa,Mirabilis jalapa L.,Plantae,Tracheophyta,Magnoliopsida,Caryophyllales,Nyctaginaceae,Mirabilis,India,Uttar Pradesh,,25.407016,81.847208,2026,2026-01-04T08:47:54,iNaturalist research-grade observations
5938123434,Dendrocitta vagabunda,"Dendrocitta vagabunda (Latham, 1790)",Animalia,Chordata,Aves,Passeriformes,Corvidae,Dendrocitta,India,Karnataka,,12.918313,77.680097,2026,2026-01-04T07:53,iNaturalist research-grade observations
5938124459,Chromolaena odorata,Chromolaena odorata (L.) R.M.King & H.Rob.,Plantae,Tracheophyta,Magnoliopsida,Asterales,Asteraceae,Chromolaena,India,Tamil Nadu,,11.255133,77.649257,2026,2026-01-02T08:08:41,iNaturalist research-grade observations
5938125253,Ocyceros birostris,"Ocyceros birostris (Scopoli, 1786)",Animalia,Chordata,Aves,Bucerotiformes,Bucerotidae,Ocyceros,India,Telangana,,17.418228,78.547257,2026,2026-01-05T08:12:51,iNaturalist research-grade observations
5938125516,Charadrius alexandrinus,Anarhynchus alexandrinus,Animalia,Chordata,Aves,Charadriiformes,Charadriidae,Charadrius,India,Goa,,15.481292,73.806811,2026,2026-01-01T09:05:26,iNaturalist research-grade observations
5938125562,Upupa epops,"Upupa epops Linnaeus, 1758",Animalia,Chordata,Aves,Bucerotiformes,Upupidae,Upupa,India,Karnataka,,13.712335,75.252464,2026,2026-01-01T09:01,iNaturalist research-grade observations
5938126412,Indomenella indica,"Indomenella indica (Ghate & Mukherjee, 2004)",Animalia,Arthropoda,Insecta,Mantodea,Deroplatyidae,Indomenella,India,Kerala,,11.616153,75.809631,2026,2026-01-03T14:51:48,iNaturalist research-grade observations
5938126433,Cratena pawarshindeorum,"Cratena pawarshindeorum Bharate, Padula, Apte & Shimpi, 2020",Animalia,Mollusca,Gastropoda,Nudibranchia,Facelinidae,Cratena,India,Maharashtra,,18.982475,72.805672,2026,2026-01-03T17:19:57,iNaturalist research-grade observations
5938126568,Ischnura rubilio,"Ischnura rubilio Selys, 1876",Animalia,Arthropoda,Insecta,Odonata,Coenagrionidae,Ischnura,India,Tamil Nadu,,9.888717,78.049529,2026,2026-01-04T07:48:56,iNaturalist research-grade observations
5938126866,Zizula hylax,"Zizula hylax (Fabricius, 1775)",Animalia,Arthropoda,Insecta,Lepidoptera,Lycaenidae,Zizula,India,Maharashtra,,19.141906,72.964628,2026,2026-01-04T09:40,iNaturalist research-grade observations
